URL,Product Name,Product Price,Rating,Review Count,Description,ASIN,Product Description,Manufacturer
https://www.amazon.in/gp/bestsellers/luggage/2917444031/ref=sr_bs_0_2917444031_1,Skybags Brat Black 46 Cms Casual Backpack,599,4.1 out of 5 stars,"4,989",,,,
https://www.amazon.in/American-Tourister-AMT-SCH-02/dp/B07CJCGM1M,American Tourister 32 Ltrs Black Casual Backpack (AMT FIZZ SCH BAG 02 - BLACK),"1,199",4.0 out of 5 stars,"55,165",,,,
https://www.amazon.in/Wesley-Milestone-Waterproof-Backpack-Business/dp/B084JGJ8PF/ref=ice_ac_b_dpb,Wesley Milestone 2.0 Casual Waterproof Laptop Backpack/Office Bag/School Bag/College Bag/Business Bag/Travel Backpack (Dimensions:13x18 inches) (Compatible with 39.62cm(15.6inch laptop) 30 L (Blue & black),550,4.3 out of 5 stars,"11,534",,,,
https://www.amazon.in/Number-Backpack-Compartment-Charging-Organizer/dp/B09VTDMRY7,"FUR JADEN Anti Theft Number Lock Backpack Bag with 15.6 Inch Laptop Compartment, USB Charging Port & Organizer Pocket for Men Women Boys Girls",679,4.0 out of 5 stars,"4,630","Stay organized all day with a durable and lightweight backpack from Fur Jaden. This back pack is a stylish and functional accessory for men and women. Can add admiration to an appealing and daring personality with a remarkable aesthetics and functionality. This backpack features an anti-theft design. You can also charge your phone on the go and organize your stuff like pro. Fur Jaden functional back pack is apt to protect your gadgets and belongings from being stolen while you travel, thanks to its special anti-theft design. Now keep your belongings safe with style. The backpack features multiple compartments that you may use for your laptop and other essentials. A remarkable feature of this backpack allows you to charge your phone while you are on the move. With an attached charging dock in the back you may connect a portable power bank with ease. Weighing about 600grams, this backpack is lightweight. The backpack is able to house a laptop of up to 15.6 inches and has seven inner compartments to place your other essentials. Made from durable quality polymer this Fur Jaden back pack is sturdy and reliable. Flaunt this bag with style and low maintenance as this bag is washable. This backpack is also suitable for school or college. The straps are designed to distribute the weight equally on each shoulder preventing any sort of discomfort. Use this back pack for office, college/school or during travels.",,"Stay organized all day with a durable and lightweight backpack from Fur Jaden. This back pack is a stylish and functional accessory for men and women. Can add admiration to an appealing and daring personality with a remarkable aesthetics and functionality. This backpack features an anti-theft design. You can also charge your phone on the go and organize your stuff like pro. Fur Jaden functional back pack is apt to protect your gadgets and belongings from being stolen while you travel, thanks to its special anti-theft design. Now keep your belongings safe with style. The backpack features multiple compartments that you may use for your laptop and other essentials. A remarkable feature of this backpack allows you to charge your phone while you are on the move. With an attached charging dock in the back you may connect a portable power bank with ease. Weighing about 600grams, this backpack is lightweight. The backpack is able to house a laptop of up to 15.6 inches and has seven inner compartments to place your other essentials. Made from durable quality polymer this Fur Jaden back pack is sturdy and reliable. Flaunt this bag with style and low maintenance as this bag is washable. This backpack is also suitable for school or college. The straps are designed to distribute the weight equally on each shoulder preventing any sort of discomfort. Use this back pack for office, college/school or during travels.",
https://www.amazon.in/Half-Moon-Waterproof-Backpack-Students/dp/B085MHDJ93,"Half Moon 35L Water Resistant 15.6 inch Laptop Bag for Men/Backpack for Men, Navy Blue | Office Bag for Men/Office Bag for Women with Padded Laptop Compartment | Rain Cover & Reflective Strips",649,3.9 out of 5 stars,"16,365",,,,
https://www.amazon.in/Gear-Black-Laptop-Backpack-LBPASPIRE0104/dp/B075MK4TXP,Gear Aspire 30L Water Restant Office Laptop Bag/Backpack for Men/Women/(Black),"1,085",4.4 out of 5 stars,"5,777",,,,
https://www.amazon.in/gp/bestsellers/luggage/1984997031/ref=sr_bs_6_1984997031_1,"Fur Jaden 55 LTR Rucksack Travel Backpack Bag for Trekking, Hiking with Shoe Compartment",849,4.3 out of 5 stars,"5,376",,,,
https://www.amazon.in/gp/bestsellers/computers/1375464031/ref=sr_bs_7_1375464031_1,"American Tourister VALEX BLACK LAPTOP BACKPACK 28 Ltrs,Volume, LAPTOP COMPARTMENT, BOTTLE POCKET, FRONT ORGANIZER","1,299",4.3 out of 5 stars,408,,,,
https://www.amazon.in/Half-Moon-Resistant-Backpack-Compartment/dp/B0BJ32LQ6X,Half Moon Large 37L Laptop Bag Backpack for menं Women Boys and Girls Luggage Travel Bags with 17.3 inches Laptop Compartment & Rain Cover,849,3.9 out of 5 stars,"3,066",,,,
https://www.amazon.in/ADISA-Laptop-Backpack-Office-College/dp/B0BPVLXD53,ADISA 32L Large Laptop Backpack Office Bag College Travel Back Pack with rain Cover (Grey),599,3.8 out of 5 stars,223,,,,
https://www.amazon.in/SAFARI-Ltrs-Casual-Backpack-DAYPACKNEO15CBSEB/dp/B07Q7CNPMV,SAFARI 15 Ltrs Sea Blue Casual/School/College Backpack (DAYPACKNEO15CBSEB),248,4.0 out of 5 stars,"19,748",,,,
https://www.amazon.in/American-Tourister-BACKPACK-COMPARTMENT-ORGANIZER/dp/B0BTD4FK9G,"American Tourister VALEX BLUE LAPTOP BACKPACK 28 Ltrs,Volume, LAPTOP COMPARTMENT, BOTTLE POCKET, FRONT ORGANIZER","1,399",4.3 out of 5 stars,418,"A backpack isn’t just a bag. It’s a cache, a case, a mobile base of sorts. And it is a reflection of the care you’ve put into selecting the ideal loadout of items to keep on you. Introducing Valex, a modern everyday backpacks collections are available in a variety of nice looking colours to express your true self",,"A backpack isn’t just a bag. It’s a cache, a case, a mobile base of sorts. And it is a reflection of the care you’ve put into selecting the ideal loadout of items to keep on you. Introducing Valex, a modern everyday backpacks collections are available in a variety of nice looking colours to express your true self",
https://www.amazon.in/GEAR-Black-Blue-Backpack-years/dp/B019HA8AYG,Gear CarryOn 16L Foldable Water Resistant School Bag//Backpack/College Bag for Men/Women - Blue Black,199,3.7 out of 5 stars,"6,684",,,,
https://www.amazon.in/ADISA-Laptop-Backpack-Office-College/dp/B09TPX22NF,ADISA 15.6 inch Laptop Backpack Office Bag College Travel Back Pack 32 Ltrs (z-Navy Blue),499,3.9 out of 5 stars,957,,,,
https://www.amazon.in/Swisslook-Polyester-15-6-inch-Backpack-Waterproof/dp/B07XYTZP4Z,Red Lemon Swisslook Polyester Bange Series 45L 15.6-inch Laptop Bags Backpack for Men and Women Semi Waterproof USB with Anti Theft Pocket Travel Backpack,"2,844",4.3 out of 5 stars,"1,661",,,,
https://www.amazon.in/TRUE-HUMAN-Anti-Theft-backpack-charging/dp/B09QJ7ZF2Y,"TRUE HUMAN Emperor Anti-Theft backpack With USB charging Port Laptop Bag, Office bag, college bag and anti -theft back pocket (Black)",689,3.8 out of 5 stars,"2,207",,,,
https://www.amazon.in/gp/bestsellers/luggage/2917444031/ref=sr_bs_0_2917444031_1,Skybags Brat Black 46 Cms Casual Backpack,599,4.1 out of 5 stars,"4,989",,,,
https://www.amazon.in/American-Tourister-AMT-SCH-02/dp/B07CJCGM1M,American Tourister 32 Ltrs Black Casual Backpack (AMT FIZZ SCH BAG 02 - BLACK),"1,199",4.0 out of 5 stars,"55,165",,,,
https://www.amazon.in/Wesley-Milestone-Waterproof-Backpack-Business/dp/B084JGJ8PF/ref=ice_ac_b_dpb,Wesley Milestone 2.0 Casual Waterproof Laptop Backpack/Office Bag/School Bag/College Bag/Business Bag/Travel Backpack (Dimensions:13x18 inches) (Compatible with 39.62cm(15.6inch laptop) 30 L (Blue & black),550,4.3 out of 5 stars,"11,534",,,,
https://www.amazon.in/Number-Backpack-Compartment-Charging-Organizer/dp/B09VTDMRY7,"FUR JADEN Anti Theft Number Lock Backpack Bag with 15.6 Inch Laptop Compartment, USB Charging Port & Organizer Pocket for Men Women Boys Girls",679,4.0 out of 5 stars,"4,630",,,,
https://www.amazon.in/Half-Moon-Waterproof-Backpack-Students/dp/B085MHDJ93,"Half Moon 35L Water Resistant 15.6 inch Laptop Bag for Men/Backpack for Men, Navy Blue | Office Bag for Men/Office Bag for Women with Padded Laptop Compartment | Rain Cover & Reflective Strips",649,3.9 out of 5 stars,"16,365",,,,
https://www.amazon.in/Gear-Black-Laptop-Backpack-LBPASPIRE0104/dp/B075MK4TXP,Gear Aspire 30L Water Restant Office Laptop Bag/Backpack for Men/Women/(Black),"1,085",4.4 out of 5 stars,"5,777",,,,
https://www.amazon.in/gp/bestsellers/luggage/1984997031/ref=sr_bs_6_1984997031_1,"Fur Jaden 55 LTR Rucksack Travel Backpack Bag for Trekking, Hiking with Shoe Compartment",849,4.3 out of 5 stars,"5,376",,,,
https://www.amazon.in/gp/bestsellers/computers/1375464031/ref=sr_bs_7_1375464031_1,"American Tourister VALEX BLACK LAPTOP BACKPACK 28 Ltrs,Volume, LAPTOP COMPARTMENT, BOTTLE POCKET, FRONT ORGANIZER","1,299",4.3 out of 5 stars,408,,,,
https://www.amazon.in/Half-Moon-Resistant-Backpack-Compartment/dp/B0BJ32LQ6X,Half Moon Large 37L Laptop Bag Backpack for menं Women Boys and Girls Luggage Travel Bags with 17.3 inches Laptop Compartment & Rain Cover,849,3.9 out of 5 stars,"3,066",,,,
https://www.amazon.in/ADISA-Laptop-Backpack-Office-College/dp/B0BPVLXD53,ADISA 32L Large Laptop Backpack Office Bag College Travel Back Pack with rain Cover (Grey),599,3.8 out of 5 stars,223,,,,
https://www.amazon.in/SAFARI-Ltrs-Casual-Backpack-DAYPACKNEO15CBSEB/dp/B07Q7CNPMV,SAFARI 15 Ltrs Sea Blue Casual/School/College Backpack (DAYPACKNEO15CBSEB),248,4.0 out of 5 stars,"19,748","Be it your short trips or your daily travel across the city, daypack has got you covered. With a 15 litre capacity daypack lets you carry your wallet, umbrella, kerchief, keys, earphones, Notepad, pens and other Essentials. The drawstring compartment lets you dump things that you pick up on your way. Compact Size and 2 Compartment.",,"Be it your short trips or your daily travel across the city, daypack has got you covered. With a 15 litre capacity daypack lets you carry your wallet, umbrella, kerchief, keys, earphones, Notepad, pens and other Essentials. The drawstring compartment lets you dump things that you pick up on your way. Compact Size and 2 Compartment.",
https://www.amazon.in/American-Tourister-BACKPACK-COMPARTMENT-ORGANIZER/dp/B0BTD4FK9G,"American Tourister VALEX BLUE LAPTOP BACKPACK 28 Ltrs,Volume, LAPTOP COMPARTMENT, BOTTLE POCKET, FRONT ORGANIZER","1,399",4.3 out of 5 stars,418,,,,
https://www.amazon.in/GEAR-Black-Blue-Backpack-years/dp/B019HA8AYG,Gear CarryOn 16L Foldable Water Resistant School Bag//Backpack/College Bag for Men/Women - Blue Black,199,3.7 out of 5 stars,"6,684",,,,
https://www.amazon.in/ADISA-Laptop-Backpack-Office-College/dp/B09TPX22NF,ADISA 15.6 inch Laptop Backpack Office Bag College Travel Back Pack 32 Ltrs (z-Navy Blue),499,3.9 out of 5 stars,957,,,,
https://www.amazon.in/Swisslook-Polyester-15-6-inch-Backpack-Waterproof/dp/B07XYTZP4Z,Red Lemon Swisslook Polyester Bange Series 45L 15.6-inch Laptop Bags Backpack for Men and Women Semi Waterproof USB with Anti Theft Pocket Travel Backpack,"2,844",4.3 out of 5 stars,"1,661",,,,
https://www.amazon.in/TRUE-HUMAN-Anti-Theft-backpack-charging/dp/B09QJ7ZF2Y,"TRUE HUMAN Emperor Anti-Theft backpack With USB charging Port Laptop Bag, Office bag, college bag and anti -theft back pocket (Black)",689,3.8 out of 5 stars,"2,207",,,,
https://www.amazon.in/gp/bestsellers/luggage/2917444031/ref=sr_bs_0_2917444031_1,Skybags Brat Black 46 Cms Casual Backpack,599,4.1 out of 5 stars,"4,989",,,,
https://www.amazon.in/American-Tourister-AMT-SCH-02/dp/B07CJCGM1M,American Tourister 32 Ltrs Black Casual Backpack (AMT FIZZ SCH BAG 02 - BLACK),"1,199",4.0 out of 5 stars,"55,165",,,,
https://www.amazon.in/Wesley-Milestone-Waterproof-Backpack-Business/dp/B084JGJ8PF/ref=ice_ac_b_dpb,Wesley Milestone 2.0 Casual Waterproof Laptop Backpack/Office Bag/School Bag/College Bag/Business Bag/Travel Backpack (Dimensions:13x18 inches) (Compatible with 39.62cm(15.6inch laptop) 30 L (Blue & black),550,4.3 out of 5 stars,"11,534",,,,
https://www.amazon.in/Number-Backpack-Compartment-Charging-Organizer/dp/B09VTDMRY7,"FUR JADEN Anti Theft Number Lock Backpack Bag with 15.6 Inch Laptop Compartment, USB Charging Port & Organizer Pocket for Men Women Boys Girls",679,4.0 out of 5 stars,"4,630",,,,
https://www.amazon.in/Half-Moon-Waterproof-Backpack-Students/dp/B085MHDJ93,"Half Moon 35L Water Resistant 15.6 inch Laptop Bag for Men/Backpack for Men, Navy Blue | Office Bag for Men/Office Bag for Women with Padded Laptop Compartment | Rain Cover & Reflective Strips",649,3.9 out of 5 stars,"16,365",,,,
https://www.amazon.in/Gear-Black-Laptop-Backpack-LBPASPIRE0104/dp/B075MK4TXP,Gear Aspire 30L Water Restant Office Laptop Bag/Backpack for Men/Women/(Black),"1,085",4.4 out of 5 stars,"5,777",,,,
https://www.amazon.in/gp/bestsellers/luggage/1984997031/ref=sr_bs_6_1984997031_1,"Fur Jaden 55 LTR Rucksack Travel Backpack Bag for Trekking, Hiking with Shoe Compartment",849,4.3 out of 5 stars,"5,376",,,,
https://www.amazon.in/gp/bestsellers/computers/1375464031/ref=sr_bs_7_1375464031_1,"American Tourister VALEX BLACK LAPTOP BACKPACK 28 Ltrs,Volume, LAPTOP COMPARTMENT, BOTTLE POCKET, FRONT ORGANIZER","1,299",4.3 out of 5 stars,408,,,,
https://www.amazon.in/Half-Moon-Resistant-Backpack-Compartment/dp/B0BJ32LQ6X,Half Moon Large 37L Laptop Bag Backpack for menं Women Boys and Girls Luggage Travel Bags with 17.3 inches Laptop Compartment & Rain Cover,849,3.9 out of 5 stars,"3,066",,,,
https://www.amazon.in/ADISA-Laptop-Backpack-Office-College/dp/B0BPVLXD53,ADISA 32L Large Laptop Backpack Office Bag College Travel Back Pack with rain Cover (Grey),599,3.8 out of 5 stars,223,,,,
https://www.amazon.in/SAFARI-Ltrs-Casual-Backpack-DAYPACKNEO15CBSEB/dp/B07Q7CNPMV,SAFARI 15 Ltrs Sea Blue Casual/School/College Backpack (DAYPACKNEO15CBSEB),248,4.0 out of 5 stars,"19,748",,,,
https://www.amazon.in/American-Tourister-BACKPACK-COMPARTMENT-ORGANIZER/dp/B0BTD4FK9G,"American Tourister VALEX BLUE LAPTOP BACKPACK 28 Ltrs,Volume, LAPTOP COMPARTMENT, BOTTLE POCKET, FRONT ORGANIZER","1,399",4.3 out of 5 stars,418,,,,
https://www.amazon.in/GEAR-Black-Blue-Backpack-years/dp/B019HA8AYG,Gear CarryOn 16L Foldable Water Resistant School Bag//Backpack/College Bag for Men/Women - Blue Black,199,3.7 out of 5 stars,"6,684",,,,
https://www.amazon.in/ADISA-Laptop-Backpack-Office-College/dp/B09TPX22NF,ADISA 15.6 inch Laptop Backpack Office Bag College Travel Back Pack 32 Ltrs (z-Navy Blue),499,3.9 out of 5 stars,957,,,,
https://www.amazon.in/Swisslook-Polyester-15-6-inch-Backpack-Waterproof/dp/B07XYTZP4Z,Red Lemon Swisslook Polyester Bange Series 45L 15.6-inch Laptop Bags Backpack for Men and Women Semi Waterproof USB with Anti Theft Pocket Travel Backpack,"2,844",4.3 out of 5 stars,"1,661",,,,
https://www.amazon.in/TRUE-HUMAN-Anti-Theft-backpack-charging/dp/B09QJ7ZF2Y,"TRUE HUMAN Emperor Anti-Theft backpack With USB charging Port Laptop Bag, Office bag, college bag and anti -theft back pocket (Black)",689,3.8 out of 5 stars,"2,207",,,,
https://www.amazon.in/gp/bestsellers/luggage/2917444031/ref=sr_bs_0_2917444031_1,Skybags Brat Black 46 Cms Casual Backpack,599,4.1 out of 5 stars,"4,989",,,,
https://www.amazon.in/American-Tourister-AMT-SCH-02/dp/B07CJCGM1M,American Tourister 32 Ltrs Black Casual Backpack (AMT FIZZ SCH BAG 02 - BLACK),"1,199",4.0 out of 5 stars,"55,165",,,,
https://www.amazon.in/Wesley-Milestone-Waterproof-Backpack-Business/dp/B084JGJ8PF/ref=ice_ac_b_dpb,Wesley Milestone 2.0 Casual Waterproof Laptop Backpack/Office Bag/School Bag/College Bag/Business Bag/Travel Backpack (Dimensions:13x18 inches) (Compatible with 39.62cm(15.6inch laptop) 30 L (Blue & black),550,4.3 out of 5 stars,"11,534",,,,
https://www.amazon.in/Number-Backpack-Compartment-Charging-Organizer/dp/B09VTDMRY7,"FUR JADEN Anti Theft Number Lock Backpack Bag with 15.6 Inch Laptop Compartment, USB Charging Port & Organizer Pocket for Men Women Boys Girls",679,4.0 out of 5 stars,"4,630",,,,
https://www.amazon.in/Half-Moon-Waterproof-Backpack-Students/dp/B085MHDJ93,"Half Moon 35L Water Resistant 15.6 inch Laptop Bag for Men/Backpack for Men, Navy Blue | Office Bag for Men/Office Bag for Women with Padded Laptop Compartment | Rain Cover & Reflective Strips",649,3.9 out of 5 stars,"16,365",,,,
https://www.amazon.in/Gear-Black-Laptop-Backpack-LBPASPIRE0104/dp/B075MK4TXP,Gear Aspire 30L Water Restant Office Laptop Bag/Backpack for Men/Women/(Black),"1,085",4.4 out of 5 stars,"5,777",,,,
https://www.amazon.in/gp/bestsellers/luggage/1984997031/ref=sr_bs_6_1984997031_1,"Fur Jaden 55 LTR Rucksack Travel Backpack Bag for Trekking, Hiking with Shoe Compartment",849,4.3 out of 5 stars,"5,376",,,,
https://www.amazon.in/gp/bestsellers/computers/1375464031/ref=sr_bs_7_1375464031_1,"American Tourister VALEX BLACK LAPTOP BACKPACK 28 Ltrs,Volume, LAPTOP COMPARTMENT, BOTTLE POCKET, FRONT ORGANIZER","1,299",4.3 out of 5 stars,408,,,,
https://www.amazon.in/Half-Moon-Resistant-Backpack-Compartment/dp/B0BJ32LQ6X,Half Moon Large 37L Laptop Bag Backpack for menं Women Boys and Girls Luggage Travel Bags with 17.3 inches Laptop Compartment & Rain Cover,849,3.9 out of 5 stars,"3,066",,,,
https://www.amazon.in/ADISA-Laptop-Backpack-Office-College/dp/B0BPVLXD53,ADISA 32L Large Laptop Backpack Office Bag College Travel Back Pack with rain Cover (Grey),599,3.8 out of 5 stars,223,,,,
https://www.amazon.in/SAFARI-Ltrs-Casual-Backpack-DAYPACKNEO15CBSEB/dp/B07Q7CNPMV,SAFARI 15 Ltrs Sea Blue Casual/School/College Backpack (DAYPACKNEO15CBSEB),248,4.0 out of 5 stars,"19,748","Be it your short trips or your daily travel across the city, daypack has got you covered. With a 15 litre capacity daypack lets you carry your wallet, umbrella, kerchief, keys, earphones, Notepad, pens and other Essentials. The drawstring compartment lets you dump things that you pick up on your way. Compact Size and 2 Compartment.",,"Be it your short trips or your daily travel across the city, daypack has got you covered. With a 15 litre capacity daypack lets you carry your wallet, umbrella, kerchief, keys, earphones, Notepad, pens and other Essentials. The drawstring compartment lets you dump things that you pick up on your way. Compact Size and 2 Compartment.",
https://www.amazon.in/American-Tourister-BACKPACK-COMPARTMENT-ORGANIZER/dp/B0BTD4FK9G,"American Tourister VALEX BLUE LAPTOP BACKPACK 28 Ltrs,Volume, LAPTOP COMPARTMENT, BOTTLE POCKET, FRONT ORGANIZER","1,399",4.3 out of 5 stars,418,,,,
https://www.amazon.in/GEAR-Black-Blue-Backpack-years/dp/B019HA8AYG,Gear CarryOn 16L Foldable Water Resistant School Bag//Backpack/College Bag for Men/Women - Blue Black,199,3.7 out of 5 stars,"6,684",,,,
https://www.amazon.in/ADISA-Laptop-Backpack-Office-College/dp/B09TPX22NF,ADISA 15.6 inch Laptop Backpack Office Bag College Travel Back Pack 32 Ltrs (z-Navy Blue),499,3.9 out of 5 stars,957,,,,
https://www.amazon.in/Swisslook-Polyester-15-6-inch-Backpack-Waterproof/dp/B07XYTZP4Z,Red Lemon Swisslook Polyester Bange Series 45L 15.6-inch Laptop Bags Backpack for Men and Women Semi Waterproof USB with Anti Theft Pocket Travel Backpack,"2,844",4.3 out of 5 stars,"1,661",,,,
https://www.amazon.in/TRUE-HUMAN-Anti-Theft-backpack-charging/dp/B09QJ7ZF2Y,"TRUE HUMAN Emperor Anti-Theft backpack With USB charging Port Laptop Bag, Office bag, college bag and anti -theft back pocket (Black)",689,3.8 out of 5 stars,"2,207",,,,
https://www.amazon.in/gp/bestsellers/luggage/2917444031/ref=sr_bs_0_2917444031_1,Skybags Brat Black 46 Cms Casual Backpack,599,4.1 out of 5 stars,"4,989",,,,
https://www.amazon.in/American-Tourister-AMT-SCH-02/dp/B07CJCGM1M,American Tourister 32 Ltrs Black Casual Backpack (AMT FIZZ SCH BAG 02 - BLACK),"1,199",4.0 out of 5 stars,"55,165",,,,
https://www.amazon.in/Wesley-Milestone-Waterproof-Backpack-Business/dp/B084JGJ8PF/ref=ice_ac_b_dpb,Wesley Milestone 2.0 Casual Waterproof Laptop Backpack/Office Bag/School Bag/College Bag/Business Bag/Travel Backpack (Dimensions:13x18 inches) (Compatible with 39.62cm(15.6inch laptop) 30 L (Blue & black),550,4.3 out of 5 stars,"11,534",,,,
https://www.amazon.in/Number-Backpack-Compartment-Charging-Organizer/dp/B09VTDMRY7,"FUR JADEN Anti Theft Number Lock Backpack Bag with 15.6 Inch Laptop Compartment, USB Charging Port & Organizer Pocket for Men Women Boys Girls",679,4.0 out of 5 stars,"4,630",,,,
https://www.amazon.in/Half-Moon-Waterproof-Backpack-Students/dp/B085MHDJ93,"Half Moon 35L Water Resistant 15.6 inch Laptop Bag for Men/Backpack for Men, Navy Blue | Office Bag for Men/Office Bag for Women with Padded Laptop Compartment | Rain Cover & Reflective Strips",649,3.9 out of 5 stars,"16,365",,,,
https://www.amazon.in/Gear-Black-Laptop-Backpack-LBPASPIRE0104/dp/B075MK4TXP,Gear Aspire 30L Water Restant Office Laptop Bag/Backpack for Men/Women/(Black),"1,085",4.4 out of 5 stars,"5,777",,,,
https://www.amazon.in/gp/bestsellers/luggage/1984997031/ref=sr_bs_6_1984997031_1,"Fur Jaden 55 LTR Rucksack Travel Backpack Bag for Trekking, Hiking with Shoe Compartment",849,4.3 out of 5 stars,"5,376",,,,
https://www.amazon.in/gp/bestsellers/computers/1375464031/ref=sr_bs_7_1375464031_1,"American Tourister VALEX BLACK LAPTOP BACKPACK 28 Ltrs,Volume, LAPTOP COMPARTMENT, BOTTLE POCKET, FRONT ORGANIZER","1,299",4.3 out of 5 stars,408,,,,
https://www.amazon.in/Half-Moon-Resistant-Backpack-Compartment/dp/B0BJ32LQ6X,Half Moon Large 37L Laptop Bag Backpack for menं Women Boys and Girls Luggage Travel Bags with 17.3 inches Laptop Compartment & Rain Cover,849,3.9 out of 5 stars,"3,066",,,,
https://www.amazon.in/ADISA-Laptop-Backpack-Office-College/dp/B0BPVLXD53,ADISA 32L Large Laptop Backpack Office Bag College Travel Back Pack with rain Cover (Grey),599,3.8 out of 5 stars,223,,,,
https://www.amazon.in/SAFARI-Ltrs-Casual-Backpack-DAYPACKNEO15CBSEB/dp/B07Q7CNPMV,SAFARI 15 Ltrs Sea Blue Casual/School/College Backpack (DAYPACKNEO15CBSEB),248,4.0 out of 5 stars,"19,748",,,,
https://www.amazon.in/American-Tourister-BACKPACK-COMPARTMENT-ORGANIZER/dp/B0BTD4FK9G,"American Tourister VALEX BLUE LAPTOP BACKPACK 28 Ltrs,Volume, LAPTOP COMPARTMENT, BOTTLE POCKET, FRONT ORGANIZER","1,399",4.3 out of 5 stars,418,,,,
https://www.amazon.in/GEAR-Black-Blue-Backpack-years/dp/B019HA8AYG,Gear CarryOn 16L Foldable Water Resistant School Bag//Backpack/College Bag for Men/Women - Blue Black,199,3.7 out of 5 stars,"6,684",,,,
https://www.amazon.in/ADISA-Laptop-Backpack-Office-College/dp/B09TPX22NF,ADISA 15.6 inch Laptop Backpack Office Bag College Travel Back Pack 32 Ltrs (z-Navy Blue),499,3.9 out of 5 stars,957,,,,
https://www.amazon.in/Swisslook-Polyester-15-6-inch-Backpack-Waterproof/dp/B07XYTZP4Z,Red Lemon Swisslook Polyester Bange Series 45L 15.6-inch Laptop Bags Backpack for Men and Women Semi Waterproof USB with Anti Theft Pocket Travel Backpack,"2,844",4.3 out of 5 stars,"1,661",,,,
https://www.amazon.in/TRUE-HUMAN-Anti-Theft-backpack-charging/dp/B09QJ7ZF2Y,"TRUE HUMAN Emperor Anti-Theft backpack With USB charging Port Laptop Bag, Office bag, college bag and anti -theft back pocket (Black)",689,3.8 out of 5 stars,"2,207",,,,
https://www.amazon.in/gp/bestsellers/luggage/2917444031/ref=sr_bs_0_2917444031_1,Skybags Brat Black 46 Cms Casual Backpack,599,4.1 out of 5 stars,"4,989",,,,
https://www.amazon.in/American-Tourister-AMT-SCH-02/dp/B07CJCGM1M,American Tourister 32 Ltrs Black Casual Backpack (AMT FIZZ SCH BAG 02 - BLACK),"1,199",4.0 out of 5 stars,"55,165",,,,
https://www.amazon.in/Wesley-Milestone-Waterproof-Backpack-Business/dp/B084JGJ8PF/ref=ice_ac_b_dpb,Wesley Milestone 2.0 Casual Waterproof Laptop Backpack/Office Bag/School Bag/College Bag/Business Bag/Travel Backpack (Dimensions:13x18 inches) (Compatible with 39.62cm(15.6inch laptop) 30 L (Blue & black),550,4.3 out of 5 stars,"11,534",,,,
https://www.amazon.in/Number-Backpack-Compartment-Charging-Organizer/dp/B09VTDMRY7,"FUR JADEN Anti Theft Number Lock Backpack Bag with 15.6 Inch Laptop Compartment, USB Charging Port & Organizer Pocket for Men Women Boys Girls",679,4.0 out of 5 stars,"4,630",,,,
https://www.amazon.in/Half-Moon-Waterproof-Backpack-Students/dp/B085MHDJ93,"Half Moon 35L Water Resistant 15.6 inch Laptop Bag for Men/Backpack for Men, Navy Blue | Office Bag for Men/Office Bag for Women with Padded Laptop Compartment | Rain Cover & Reflective Strips",649,3.9 out of 5 stars,"16,365",,,,
https://www.amazon.in/Gear-Black-Laptop-Backpack-LBPASPIRE0104/dp/B075MK4TXP,Gear Aspire 30L Water Restant Office Laptop Bag/Backpack for Men/Women/(Black),"1,085",4.4 out of 5 stars,"5,777",,,,
https://www.amazon.in/gp/bestsellers/luggage/1984997031/ref=sr_bs_6_1984997031_1,"Fur Jaden 55 LTR Rucksack Travel Backpack Bag for Trekking, Hiking with Shoe Compartment",849,4.3 out of 5 stars,"5,376",,,,
https://www.amazon.in/gp/bestsellers/computers/1375464031/ref=sr_bs_7_1375464031_1,"American Tourister VALEX BLACK LAPTOP BACKPACK 28 Ltrs,Volume, LAPTOP COMPARTMENT, BOTTLE POCKET, FRONT ORGANIZER","1,299",4.3 out of 5 stars,408,,,,
https://www.amazon.in/Half-Moon-Resistant-Backpack-Compartment/dp/B0BJ32LQ6X,Half Moon Large 37L Laptop Bag Backpack for menं Women Boys and Girls Luggage Travel Bags with 17.3 inches Laptop Compartment & Rain Cover,849,3.9 out of 5 stars,"3,066",,,,
https://www.amazon.in/ADISA-Laptop-Backpack-Office-College/dp/B0BPVLXD53,ADISA 32L Large Laptop Backpack Office Bag College Travel Back Pack with rain Cover (Grey),599,3.8 out of 5 stars,223,,,,
https://www.amazon.in/SAFARI-Ltrs-Casual-Backpack-DAYPACKNEO15CBSEB/dp/B07Q7CNPMV,SAFARI 15 Ltrs Sea Blue Casual/School/College Backpack (DAYPACKNEO15CBSEB),248,4.0 out of 5 stars,"19,748",,,,
https://www.amazon.in/American-Tourister-BACKPACK-COMPARTMENT-ORGANIZER/dp/B0BTD4FK9G,"American Tourister VALEX BLUE LAPTOP BACKPACK 28 Ltrs,Volume, LAPTOP COMPARTMENT, BOTTLE POCKET, FRONT ORGANIZER","1,399",4.3 out of 5 stars,418,,,,
https://www.amazon.in/GEAR-Black-Blue-Backpack-years/dp/B019HA8AYG,Gear CarryOn 16L Foldable Water Resistant School Bag//Backpack/College Bag for Men/Women - Blue Black,199,3.7 out of 5 stars,"6,684",,,,
https://www.amazon.in/ADISA-Laptop-Backpack-Office-College/dp/B09TPX22NF,ADISA 15.6 inch Laptop Backpack Office Bag College Travel Back Pack 32 Ltrs (z-Navy Blue),499,3.9 out of 5 stars,957,,,,
https://www.amazon.in/Swisslook-Polyester-15-6-inch-Backpack-Waterproof/dp/B07XYTZP4Z,Red Lemon Swisslook Polyester Bange Series 45L 15.6-inch Laptop Bags Backpack for Men and Women Semi Waterproof USB with Anti Theft Pocket Travel Backpack,"2,844",4.3 out of 5 stars,"1,661",,,,
https://www.amazon.in/TRUE-HUMAN-Anti-Theft-backpack-charging/dp/B09QJ7ZF2Y,"TRUE HUMAN Emperor Anti-Theft backpack With USB charging Port Laptop Bag, Office bag, college bag and anti -theft back pocket (Black)",689,3.8 out of 5 stars,"2,207",,,,
https://www.amazon.in/gp/bestsellers/luggage/2917444031/ref=sr_bs_0_2917444031_1,Skybags Brat Black 46 Cms Casual Backpack,599,4.1 out of 5 stars,"4,989",,,,
https://www.amazon.in/American-Tourister-AMT-SCH-02/dp/B07CJCGM1M,American Tourister 32 Ltrs Black Casual Backpack (AMT FIZZ SCH BAG 02 - BLACK),"1,199",4.0 out of 5 stars,"55,165",,,,
https://www.amazon.in/Wesley-Milestone-Waterproof-Backpack-Business/dp/B084JGJ8PF/ref=ice_ac_b_dpb,Wesley Milestone 2.0 Casual Waterproof Laptop Backpack/Office Bag/School Bag/College Bag/Business Bag/Travel Backpack (Dimensions:13x18 inches) (Compatible with 39.62cm(15.6inch laptop) 30 L (Blue & black),550,4.3 out of 5 stars,"11,534",,,,
https://www.amazon.in/Number-Backpack-Compartment-Charging-Organizer/dp/B09VTDMRY7,"FUR JADEN Anti Theft Number Lock Backpack Bag with 15.6 Inch Laptop Compartment, USB Charging Port & Organizer Pocket for Men Women Boys Girls",679,4.0 out of 5 stars,"4,630",,,,
https://www.amazon.in/Half-Moon-Waterproof-Backpack-Students/dp/B085MHDJ93,"Half Moon 35L Water Resistant 15.6 inch Laptop Bag for Men/Backpack for Men, Navy Blue | Office Bag for Men/Office Bag for Women with Padded Laptop Compartment | Rain Cover & Reflective Strips",649,3.9 out of 5 stars,"16,365",,,,
https://www.amazon.in/Gear-Black-Laptop-Backpack-LBPASPIRE0104/dp/B075MK4TXP,Gear Aspire 30L Water Restant Office Laptop Bag/Backpack for Men/Women/(Black),"1,085",4.4 out of 5 stars,"5,777",,,,
https://www.amazon.in/gp/bestsellers/luggage/1984997031/ref=sr_bs_6_1984997031_1,"Fur Jaden 55 LTR Rucksack Travel Backpack Bag for Trekking, Hiking with Shoe Compartment",849,4.3 out of 5 stars,"5,376",,,,
https://www.amazon.in/gp/bestsellers/computers/1375464031/ref=sr_bs_7_1375464031_1,"American Tourister VALEX BLACK LAPTOP BACKPACK 28 Ltrs,Volume, LAPTOP COMPARTMENT, BOTTLE POCKET, FRONT ORGANIZER","1,299",4.3 out of 5 stars,408,,,,
https://www.amazon.in/Half-Moon-Resistant-Backpack-Compartment/dp/B0BJ32LQ6X,Half Moon Large 37L Laptop Bag Backpack for menं Women Boys and Girls Luggage Travel Bags with 17.3 inches Laptop Compartment & Rain Cover,849,3.9 out of 5 stars,"3,066",,,,
https://www.amazon.in/ADISA-Laptop-Backpack-Office-College/dp/B0BPVLXD53,ADISA 32L Large Laptop Backpack Office Bag College Travel Back Pack with rain Cover (Grey),599,3.8 out of 5 stars,223,,,,
https://www.amazon.in/SAFARI-Ltrs-Casual-Backpack-DAYPACKNEO15CBSEB/dp/B07Q7CNPMV,SAFARI 15 Ltrs Sea Blue Casual/School/College Backpack (DAYPACKNEO15CBSEB),248,4.0 out of 5 stars,"19,748",,,,
https://www.amazon.in/American-Tourister-BACKPACK-COMPARTMENT-ORGANIZER/dp/B0BTD4FK9G,"American Tourister VALEX BLUE LAPTOP BACKPACK 28 Ltrs,Volume, LAPTOP COMPARTMENT, BOTTLE POCKET, FRONT ORGANIZER","1,399",4.3 out of 5 stars,418,,,,
https://www.amazon.in/GEAR-Black-Blue-Backpack-years/dp/B019HA8AYG,Gear CarryOn 16L Foldable Water Resistant School Bag//Backpack/College Bag for Men/Women - Blue Black,199,3.7 out of 5 stars,"6,684",,,,
https://www.amazon.in/ADISA-Laptop-Backpack-Office-College/dp/B09TPX22NF,ADISA 15.6 inch Laptop Backpack Office Bag College Travel Back Pack 32 Ltrs (z-Navy Blue),499,3.9 out of 5 stars,957,,,,
https://www.amazon.in/Swisslook-Polyester-15-6-inch-Backpack-Waterproof/dp/B07XYTZP4Z,Red Lemon Swisslook Polyester Bange Series 45L 15.6-inch Laptop Bags Backpack for Men and Women Semi Waterproof USB with Anti Theft Pocket Travel Backpack,"2,844",4.3 out of 5 stars,"1,661",,,,
https://www.amazon.in/TRUE-HUMAN-Anti-Theft-backpack-charging/dp/B09QJ7ZF2Y,"TRUE HUMAN Emperor Anti-Theft backpack With USB charging Port Laptop Bag, Office bag, college bag and anti -theft back pocket (Black)",689,3.8 out of 5 stars,"2,207",,,,
